g_loss,pixel_loss,d_loss,epoch,created_at
0.9480317831039429,0.46905428171157837,0.7222949266433716,0,2020-01-08 16:08:11.221214
