g_loss,pixel_loss,d_loss,epoch,created_at
0.6889840364456177,0.43116170167922974,0.7241161465644836,0,2020-01-08 16:14:52.556395
